<metadata xml:lang="es"><Esri><CreaDate>20160210</CreaDate><CreaTime>13062800</CreaTime><ArcGISFormat>1.0</ArcGISFormat><SyncOnce>FALSE</SyncOnce><DataProperties><lineage><Process ToolSource="C:\Program Files\ArcGIS\Desktop10.0\ArcToolbox\Toolboxes\Data Management Tools.tbx\CalculateField" Date="20110905" Time="165453">CalculateField APR_cod_2 PROVINCIA [NOM_PROV] VB #</Process><Process ToolSource="C:\Program Files\ArcGIS\Desktop10.0\ArcToolbox\Toolboxes\Data Management Tools.tbx\CalculateField" Date="20110905" Time="165606">CalculateField APR_cod_2 COMUNA [NOM_COM] VB #</Process><Process ToolSource="C:\Program Files\ArcGIS\Desktop10.0\ArcToolbox\Toolboxes\Data Management Tools.tbx\CalculateField" Date="20110905" Time="165648">CalculateField APR_cod_2 PROVINCIA UCase( [PROVINCIA] ) VB #</Process><Process ToolSource="C:\Program Files\ArcGIS\Desktop10.0\ArcToolbox\Toolboxes\Data Management Tools.tbx\CalculateField" Date="20110905" Time="165708">CalculateField APR_cod_2 COMUNA UCase( [COMUNA] ) VB #</Process><Process ToolSource="C:\Program Files\ArcGIS\Desktop10.0\ArcToolbox\Toolboxes\Data Management Tools.tbx\CalculateField" Date="20110905" Time="165735">CalculateField APR_cod_2 REGION UCase( [REGION] ) VB #</Process><Process ToolSource="C:\Program Files\ArcGIS\Desktop10.0\ArcToolbox\Toolboxes\Data Management Tools.tbx\CalculateField" Date="20110905" Time="170001">CalculateField APR_cod_2 DETALLE UCase( [DETALLE] ) VB #</Process><Process ToolSource="C:\Program Files\ArcGIS\Desktop10.0\ArcToolbox\Toolboxes\Data Management Tools.tbx\CopyFeatures" Date="20110905" Time="172513">CopyFeatures "C:\importante\New File Geodatabase.gdb\APR_cod_2" "Database Connections\DESARROLLO@DOH.sde\DOH.APR_cod_2" # 0 0 0</Process><Process ToolSource="C:\Program Files\ArcGIS\Desktop10.0\ArcToolbox\Toolboxes\Data Management Tools.tbx\CalculateField" Date="20110908" Time="183953">CalculateField Sistemas_APR-1:700.000 LA_SEQUIA_2011 [SEQUIA_2011] VB #</Process><Process ToolSource="C:\Program Files\ArcGIS\Desktop10.0\ArcToolbox\Toolboxes\Data Management Tools.tbx\CalculateField" Date="20110908" Time="184115">CalculateField Sistemas_APR-1:700.000 LA_SEQUIA_2008 [LA_SEQUIA_2008] VB #</Process><Process ToolSource="C:\Program Files\ArcGIS\Desktop10.0\ArcToolbox\Toolboxes\Data Management Tools.tbx\CalculateField" Date="20110908" Time="184930">CalculateField Sistemas_APR-1:700.000 LA_SEQUIA_2008 [SEQUIA_2008] VB #</Process><Process ToolSource="C:\Program Files\ArcGIS\Desktop10.0\ArcToolbox\Toolboxes\Data Management Tools.tbx\CalculateField" Date="20110908" Time="185304">CalculateField Sistemas_APR-1:700.000 LA_SEQUIA_2010 [SEQUIA_2010] VB #</Process><Process ToolSource="C:\Program Files\ArcGIS\Desktop10.0\ArcToolbox\Toolboxes\Data Management Tools.tbx\CopyFeatures" Date="20110915" Time="181128">CopyFeatures "Conexiones de base de datos\DESARROLLO@DOH.sde\DOH.Infraestructura_APR" "Conexiones de base de datos\DESARROLLO@SIT.sde\SIT.Infraestructura_APR" # 0 0 0</Process><Process ToolSource="c:\program files\arcgis\desktop10.0\ArcToolbox\Toolboxes\Conversion Tools.tbx\FeatureClassToFeatureClass" Date="20120214" Time="103203">FeatureClassToFeatureClass "Database Connections\DESARROLLO@SIT.sde\SIT.Infraestructura_APR" C:\importante\apr apr.shp # "DETALLE "DETALLE" true true false 200 Text 0 0 ,First,#,Database Connections\DESARROLLO@SIT.sde\SIT.Infraestructura_APR,DETALLE,-1,-1;COBERTURA "COBERTURA" true true false 1 Text 0 0 ,First,#,Database Connections\DESARROLLO@SIT.sde\SIT.Infraestructura_APR,COBERTURA,-1,-1;SISTEMAS "SISTEMAS" true true false 100 Text 0 0 ,First,#,Database Connections\DESARROLLO@SIT.sde\SIT.Infraestructura_APR,SISTEMAS,-1,-1;SERVICIO "SERVICIO" true true false 15 Text 0 0 ,First,#,Database Connections\DESARROLLO@SIT.sde\SIT.Infraestructura_APR,SERVICIO,-1,-1;INFRAESTRU "INFRAESTRU" true true false 15 Text 0 0 ,First,#,Database Connections\DESARROLLO@SIT.sde\SIT.Infraestructura_APR,INFRAESTRU,-1,-1;REGION "REGION" true true false 50 Text 0 0 ,First,#,Database Connections\DESARROLLO@SIT.sde\SIT.Infraestructura_APR,REGION,-1,-1;PROVINCIA "PROVINCIA" true true false 50 Text 0 0 ,First,#,Database Connections\DESARROLLO@SIT.sde\SIT.Infraestructura_APR,PROVINCIA,-1,-1;COMUNA "COMUNA" true true false 50 Text 0 0 ,First,#,Database Connections\DESARROLLO@SIT.sde\SIT.Infraestructura_APR,COMUNA,-1,-1;COD "COD" true true false 255 Text 0 0 ,First,#,Database Connections\DESARROLLO@SIT.sde\SIT.Infraestructura_APR,COD,-1,-1;ID "ID" true true false 8 Double 8 38 ,First,#,Database Connections\DESARROLLO@SIT.sde\SIT.Infraestructura_APR,ID,-1,-1;LA_SEQUIA_ "LA_SEQUIA_2011" true true false 2 Short 0 5 ,First,#,Database Connections\DESARROLLO@SIT.sde\SIT.Infraestructura_APR,LA_SEQUIA_2011,-1,-1;LA_SEQUIA1 "LA_SEQUIA_2008" true true false 2 Short 0 5 ,First,#,Database Connections\DESARROLLO@SIT.sde\SIT.Infraestructura_APR,LA_SEQUIA_2008,-1,-1;LA_SEQUI_1 "LA_SEQUIA_2010" true true false 2 Short 0 5 ,First,#,Database Connections\DESARROLLO@SIT.sde\SIT.Infraestructura_APR,LA_SEQUIA_2010,-1,-1" #</Process><Process ToolSource="C:\Archivos de programa\ArcGIS\Desktop10.0\ArcToolbox\Toolboxes\Data Management Tools.tbx\CalculateField" Date="20120215" Time="124129">CalculateField apr IDCOD "[COD] &amp; "-" &amp; [ID]" VB #</Process><Process ToolSource="C:\Archivos de programa\ArcGIS\Desktop10.0\ArcToolbox\Toolboxes\Conversion Tools.tbx\FeatureClassToFeatureClass" Date="20120215" Time="124529">FeatureClassToFeatureClass "E:\proyectos\11-0255 IDEMOP Chile\11-0255_IDEMOP-Chile\documentos-no-software\9 Documentacion Cliente\Datos\APP APR- Edición\apr.shp" "Conexiones de base de datos\IDEMOP.sde\IDEMOP.APR" apr_shp # "DETALLE "DETALLE" true true false 200 Text 0 0 ,First,#,E:\proyectos\11-0255 IDEMOP Chile\11-0255_IDEMOP-Chile\documentos-no-software\9 Documentacion Cliente\Datos\APP APR- Edición\apr.shp,DETALLE,-1,-1;COBERTURA "COBERTURA" true true false 1 Text 0 0 ,First,#,E:\proyectos\11-0255 IDEMOP Chile\11-0255_IDEMOP-Chile\documentos-no-software\9 Documentacion Cliente\Datos\APP APR- Edición\apr.shp,COBERTURA,-1,-1;SISTEMAS "SISTEMAS" true true false 100 Text 0 0 ,First,#,E:\proyectos\11-0255 IDEMOP Chile\11-0255_IDEMOP-Chile\documentos-no-software\9 Documentacion Cliente\Datos\APP APR- Edición\apr.shp,SISTEMAS,-1,-1;SERVICIO "SERVICIO" true true false 15 Text 0 0 ,First,#,E:\proyectos\11-0255 IDEMOP Chile\11-0255_IDEMOP-Chile\documentos-no-software\9 Documentacion Cliente\Datos\APP APR- Edición\apr.shp,SERVICIO,-1,-1;INFRAESTRU "INFRAESTRU" true true false 15 Text 0 0 ,First,#,E:\proyectos\11-0255 IDEMOP Chile\11-0255_IDEMOP-Chile\documentos-no-software\9 Documentacion Cliente\Datos\APP APR- Edición\apr.shp,INFRAESTRU,-1,-1;REGION "REGION" true true false 50 Text 0 0 ,First,#,E:\proyectos\11-0255 IDEMOP Chile\11-0255_IDEMOP-Chile\documentos-no-software\9 Documentacion Cliente\Datos\APP APR- Edición\apr.shp,REGION,-1,-1;PROVINCIA "PROVINCIA" true true false 50 Text 0 0 ,First,#,E:\proyectos\11-0255 IDEMOP Chile\11-0255_IDEMOP-Chile\documentos-no-software\9 Documentacion Cliente\Datos\APP APR- Edición\apr.shp,PROVINCIA,-1,-1;COMUNA "COMUNA" true true false 50 Text 0 0 ,First,#,E:\proyectos\11-0255 IDEMOP Chile\11-0255_IDEMOP-Chile\documentos-no-software\9 Documentacion Cliente\Datos\APP APR- Edición\apr.shp,COMUNA,-1,-1;COD "COD" true true false 254 Text 0 0 ,First,#,E:\proyectos\11-0255 IDEMOP Chile\11-0255_IDEMOP-Chile\documentos-no-software\9 Documentacion Cliente\Datos\APP APR- Edición\apr.shp,COD,-1,-1;ID "ID" true true false 19 Double 8 18 ,First,#,E:\proyectos\11-0255 IDEMOP Chile\11-0255_IDEMOP-Chile\documentos-no-software\9 Documentacion Cliente\Datos\APP APR- Edición\apr.shp,ID,-1,-1;LA_SEQUIA_ "LA_SEQUIA_" true true false 5 Long 0 5 ,First,#,E:\proyectos\11-0255 IDEMOP Chile\11-0255_IDEMOP-Chile\documentos-no-software\9 Documentacion Cliente\Datos\APP APR- Edición\apr.shp,LA_SEQUIA_,-1,-1;LA_SEQUIA1 "LA_SEQUIA1" true true false 5 Long 0 5 ,First,#,E:\proyectos\11-0255 IDEMOP Chile\11-0255_IDEMOP-Chile\documentos-no-software\9 Documentacion Cliente\Datos\APP APR- Edición\apr.shp,LA_SEQUIA1,-1,-1;LA_SEQUI_1 "LA_SEQUI_1" true true false 5 Long 0 5 ,First,#,E:\proyectos\11-0255 IDEMOP Chile\11-0255_IDEMOP-Chile\documentos-no-software\9 Documentacion Cliente\Datos\APP APR- Edición\apr.shp,LA_SEQUI_1,-1,-1;IDCOD "IDCOD" true true false 50 Text 0 0 ,First,#,E:\proyectos\11-0255 IDEMOP Chile\11-0255_IDEMOP-Chile\documentos-no-software\9 Documentacion Cliente\Datos\APP APR- Edición\apr.shp,IDCOD,-1,-1" #</Process><Process ToolSource="C:\Program Files (x86)\ArcGIS\Desktop10.0\ArcToolbox\Toolboxes\Data Management Tools.tbx\AddField" Date="20120705" Time="152929">AddField "Database Connections\172.16.1.106_SITMOP_DESA.sde\SITMOP_DESA.APR\SITMOP_DESA.TG_APR_UBICACION" X_UTM DOUBLE 12 3 # # NULLABLE NON_REQUIRED #</Process><Process ToolSource="C:\Program Files (x86)\ArcGIS\Desktop10.0\ArcToolbox\Toolboxes\Data Management Tools.tbx\AddField" Date="20120705" Time="153004">AddField "Database Connections\172.16.1.106_SITMOP_DESA.sde\SITMOP_DESA.APR\SITMOP_DESA.TG_APR_UBICACION" Y_UTM DOUBLE 12 3 # # NULLABLE NON_REQUIRED #</Process><Process ToolSource="C:\Program Files (x86)\ArcGIS\Desktop10.0\ArcToolbox\Toolboxes\Data Management Tools.tbx\AddField" Date="20120722" Time="104405">AddField "Database Connections\172.16.1.106_SITMOP_DESA.sde\SITMOP_DESA.APR\SITMOP_DESA.TG_APR_UBICACION" ESTADO_EDIT SHORT 5 # # "Descripcion estado SIT" NULLABLE NON_REQUIRED TipoSafiEstado</Process><Process ToolSource="C:\Program Files (x86)\ArcGIS\Desktop10.0\ArcToolbox\Toolboxes\Data Management Tools.tbx\AddField" Date="20120722" Time="104423">AddField "Database Connections\172.16.1.106_SITMOP_DESA.sde\SITMOP_DESA.APR\SITMOP_DESA.TG_APR_UBICACION" DESCRIPCION TEXT 5 # # "Descripcion estado SIT" NULLABLE NON_REQUIRED #</Process><Process ToolSource="c:\program files\arcgis\desktop10.0\ArcToolbox\Toolboxes\Data Management Tools.tbx\DeleteFeatures" Date="20121002" Time="170817">DeleteFeatures "Conexiones de base de datos\Connection to 172.16.1.106_SITMOP_DESA.sde\SITMOP_DESA.APR\SITMOP_DESA.TG_APR_UBICACION"</Process><Process ToolSource="C:\Program Files (x86)\ArcGIS\Desktop10.0\ArcToolbox\Toolboxes\Data Management Tools.tbx\Append" Date="20130507" Time="191308">Append C:\resp\piscina\apr.shp "Ubicaciones de APR" NO_TEST "DETALLE "DETALLE" true true false 200 Text 0 0 ,First,#;COMUNA "COMUNA" true true false 50 Text 0 0 ,First,#,C:\resp\piscina\apr.shp,Comuna,-1,-1;COD "COD" true true false 254 Text 0 0 ,First,#,C:\resp\piscina\apr.shp,Codigo_APR,-1,-1;ID "ID" true true false 8 Double 8 38 ,First,#;IDCOD "IDCOD" true true false 50 Text 0 0 ,First,#;GLOBALID "GLOBALID" false false true 38 GlobalID 0 0 ,First,#;X_UTM "X_UTM" true true false 8 Double 3 12 ,First,#;Y_UTM "Y_UTM" true true false 8 Double 3 12 ,First,#;ESTADO_EDIT "Descripcion estado SIT" true true false 2 Short 0 5 ,First,#;DESCRIPCION "Descripcion estado SIT" true true false 255 Text 0 0 ,First,#" #</Process><Process ToolSource="C:\Program Files (x86)\ArcGIS\Desktop10.0\ArcToolbox\Toolboxes\Data Management Tools.tbx\CalculateField" Date="20151224" Time="105736">CalculateField "Ubicaciones de APR" DETALLE "SEMICONCENTRADO" VB #</Process><Process ToolSource="c:\program files (x86)\arcgis\desktop10.1\ArcToolbox\Toolboxes\Data Management Tools.tbx\CopyFeatures" Date="20160518" Time="164617">CopyFeatures APR_DOH_Enero_2016 D:\Mapotecas_Shape\Otros\APR_DOH_Enero_2016.shp # 0 0 0</Process></lineage><itemProps><itemName Sync="TRUE">Agua_Potable_Rural</itemName><imsContentType Sync="TRUE">002</imsContentType><itemLocation><linkage Sync="TRUE">file://\\LAPTOP-BRMLBSH8\C$\Users\fabia\Dropbox\Corfo Melipeuco\shapes\Componente Legal e Institucional\Agua_Potable_Rural.shp</linkage><protocol Sync="TRUE">Local Area Network</protocol></itemLocation><itemSize Sync="TRUE">0.000</itemSize></itemProps><coordRef><type Sync="TRUE">Projected</type><geogcsn Sync="TRUE">GCS_WGS_1984</geogcsn><peXml Sync="TRUE">&lt;ProjectedCoordinateSystem xsi:type='typens:ProjectedCoordinateSystem' xmlns:xsi='http://www.w3.org/2001/XMLSchema-instance' xmlns:xs='http://www.w3.org/2001/XMLSchema' xmlns:typens='http://www.esri.com/schemas/ArcGIS/10.3'&gt;&lt;WKT&gt;PROJCS[&amp;quot;WGS_1984_UTM_Zone_19S&amp;quot;,GEOGCS[&amp;quot;GCS_WGS_1984&amp;quot;,DATUM[&amp;quot;D_WGS_1984&amp;quot;,SPHEROID[&amp;quot;WGS_1984&amp;quot;,6378137.0,298.257223563]],PRIMEM[&amp;quot;Greenwich&amp;quot;,0.0],UNIT[&amp;quot;Degree&amp;quot;,0.0174532925199433]],PROJECTION[&amp;quot;Transverse_Mercator&amp;quot;],PARAMETER[&amp;quot;False_Easting&amp;quot;,500000.0],PARAMETER[&amp;quot;False_Northing&amp;quot;,10000000.0],PARAMETER[&amp;quot;Central_Meridian&amp;quot;,-69.0],PARAMETER[&amp;quot;Scale_Factor&amp;quot;,0.9996],PARAMETER[&amp;quot;Latitude_Of_Origin&amp;quot;,0.0],UNIT[&amp;quot;Meter&amp;quot;,1.0],AUTHORITY[&amp;quot;EPSG&amp;quot;,32719]]&lt;/WKT&gt;&lt;XOrigin&gt;-5120900&lt;/XOrigin&gt;&lt;YOrigin&gt;1900&lt;/YOrigin&gt;&lt;XYScale&gt;450445547.3910538&lt;/XYScale&gt;&lt;ZOrigin&gt;-100000&lt;/ZOrigin&gt;&lt;ZScale&gt;10000&lt;/ZScale&gt;&lt;MOrigin&gt;-100000&lt;/MOrigin&gt;&lt;MScale&gt;10000&lt;/MScale&gt;&lt;XYTolerance&gt;0.001&lt;/XYTolerance&gt;&lt;ZTolerance&gt;0.001&lt;/ZTolerance&gt;&lt;MTolerance&gt;0.001&lt;/MTolerance&gt;&lt;HighPrecision&gt;true&lt;/HighPrecision&gt;&lt;WKID&gt;32719&lt;/WKID&gt;&lt;LatestWKID&gt;32719&lt;/LatestWKID&gt;&lt;/ProjectedCoordinateSystem&gt;</peXml><csUnits Sync="TRUE">Linear Unit: Meter (1.000000)</csUnits><projcsn Sync="TRUE">WGS_1984_UTM_Zone_19S</projcsn></coordRef></DataProperties><SyncDate>20201114</SyncDate><SyncTime>01532200</SyncTime><ModDate>20201114</ModDate><ModTime>01532200</ModTime><ArcGISstyle>North American Profile of ISO19115 2003</ArcGISstyle></Esri><dataIdInfo><envirDesc Sync="TRUE"> Version 6.2 (Build 9200) ; Esri ArcGIS 10.3.0.4322</envirDesc><dataLang><languageCode value="es" country="ES"></languageCode><countryCode value="CHL" Sync="TRUE"></countryCode></dataLang><idCitation><resTitle Sync="TRUE">Agua_Potable_Rural</resTitle><presForm><PresFormCd value="005"></PresFormCd></presForm></idCitation><descKeys><thesaName uuidref="723f6998-058e-11dc-8314-0800200c9a66"></thesaName><keyword Sync="TRUE">002</keyword></descKeys><spatRpType><SpatRepTypCd value="001"></SpatRepTypCd></spatRpType></dataIdInfo><mdLang><languageCode value="es"></languageCode><countryCode value="CHL" Sync="TRUE"></countryCode></mdLang><distInfo><distFormat><formatName Sync="TRUE">Shapefile</formatName></distFormat><distTranOps><transSize Sync="TRUE">0.000</transSize></distTranOps></distInfo><mdHrLv><ScopeCd value="005"></ScopeCd></mdHrLv><mdHrLvName Sync="TRUE">dataset</mdHrLvName><refSysInfo><RefSystem><refSysID><identCode code="4170"></identCode><idCodeSpace Sync="TRUE">EPSG</idCodeSpace><idVersion Sync="TRUE">8.2.6</idVersion></refSysID></RefSystem></refSysInfo><spdoinfo><ptvctinf><esriterm Name="Agua_Potable_Rural"><efeatyp Sync="TRUE">Simple</efeatyp><efeageom code="1" Sync="TRUE"></efeageom><esritopo Sync="TRUE">FALSE</esritopo><efeacnt Sync="TRUE">0</efeacnt><spindex Sync="TRUE">FALSE</spindex><linrefer Sync="TRUE">FALSE</linrefer></esriterm></ptvctinf></spdoinfo><spatRepInfo><VectSpatRep><geometObjs Name="Agua_Potable_Rural"><geoObjTyp><GeoObjTypCd value="004" Sync="TRUE"></GeoObjTypCd></geoObjTyp><geoObjCnt Sync="TRUE">0</geoObjCnt></geometObjs><topLvl><TopoLevCd value="001" Sync="TRUE"></TopoLevCd></topLvl></VectSpatRep></spatRepInfo><eainfo><detailed Name="Agua_Potable_Rural"><enttyp><enttypl Sync="TRUE">Agua_Potable_Rural</enttypl><enttypt Sync="TRUE">Feature Class</enttypt><enttypc Sync="TRUE">0</enttypc></enttyp><attr><attrlabl Sync="TRUE">DETALLE</attrlabl><attalias Sync="TRUE">DETALLE</attalias><attrtype Sync="TRUE">String</attrtype><attwidth Sync="TRUE">200</attwidth><atprecis Sync="TRUE">0</atprecis><attscale Sync="TRUE">0</attscale></attr><attr><attrlabl Sync="TRUE">OBJECTID</attrlabl><attalias Sync="TRUE">OBJECTID</attalias><attrtype Sync="TRUE">Integer</attrtype><attwidth Sync="TRUE">9</attwidth><atprecis Sync="TRUE">9</atprecis><attscale Sync="TRUE">0</attscale><attrdef Sync="TRUE">Internal feature number.</attrdef><attrdefs Sync="TRUE">ESRI</attrdefs><attrdomv><udom Sync="TRUE">Sequential unique whole numbers that are automatically generated.</udom></attrdomv></attr><attr><attrlabl Sync="TRUE">FID</attrlabl><attalias Sync="TRUE">FID</attalias><attrtype Sync="TRUE">OID</attrtype><attwidth Sync="TRUE">4</attwidth><atprecis Sync="TRUE">0</atprecis><attscale Sync="TRUE">0</attscale><attrdef Sync="TRUE">Internal feature number.</attrdef><attrdefs Sync="TRUE">Esri</attrdefs><attrdomv><udom Sync="TRUE">Sequential unique whole numbers that are automatically generated.</udom></attrdomv></attr><attr><attrlabl Sync="TRUE">COMUNA</attrlabl><attalias Sync="TRUE">COMUNA</attalias><attrtype Sync="TRUE">String</attrtype><attwidth Sync="TRUE">50</attwidth><atprecis Sync="TRUE">0</atprecis><attscale Sync="TRUE">0</attscale></attr><attr><attrlabl Sync="TRUE">COD</attrlabl><attalias Sync="TRUE">COD</attalias><attrtype Sync="TRUE">String</attrtype><attwidth Sync="TRUE">254</attwidth><atprecis Sync="TRUE">0</atprecis><attscale Sync="TRUE">0</attscale></attr><attr><attrlabl Sync="TRUE">ID</attrlabl><attalias Sync="TRUE">ID</attalias><attrtype Sync="TRUE">Double</attrtype><attwidth Sync="TRUE">19</attwidth><atprecis Sync="TRUE">0</atprecis><attscale Sync="TRUE">0</attscale></attr><attr><attrlabl Sync="TRUE">SHAPE</attrlabl><attalias Sync="TRUE">Shape</attalias><attrtype Sync="TRUE">Geometry</attrtype><attwidth Sync="TRUE">0</attwidth><atprecis Sync="TRUE">0</atprecis><attscale Sync="TRUE">0</attscale><attrdef Sync="TRUE">Feature geometry.</attrdef><attrdefs Sync="TRUE">ESRI</attrdefs><attrdomv><udom Sync="TRUE">Coordinates defining the features.</udom></attrdomv></attr><subtype><stname Sync="TRUE">SIN SEQUIA</stname><stcode Sync="TRUE">1</stcode><stfield><stfldnm Sync="TRUE">LA_SEQUIA_2008</stfldnm><stflddv Sync="TRUE">1</stflddv></stfield><stfield><stfldnm Sync="TRUE">LA_SEQUIA_2010</stfldnm><stflddv Sync="TRUE">1</stflddv></stfield></subtype><subtype><stname Sync="TRUE">CONSEQUIA</stname><stcode Sync="TRUE">2</stcode><stfield><stfldnm Sync="TRUE">LA_SEQUIA_2008</stfldnm><stflddv Sync="TRUE">1</stflddv></stfield><stfield><stfldnm Sync="TRUE">LA_SEQUIA_2010</stfldnm><stflddv Sync="TRUE">1</stflddv></stfield></subtype><attr><attrlabl Sync="TRUE">IDCOD</attrlabl><attalias Sync="TRUE">IDCOD</attalias><attrtype Sync="TRUE">String</attrtype><attwidth Sync="TRUE">50</attwidth><atprecis Sync="TRUE">0</atprecis><attscale Sync="TRUE">0</attscale></attr><attr><attrlabl Sync="TRUE">GLOBALID</attrlabl><attalias Sync="TRUE">GLOBALID</attalias><attrtype Sync="TRUE">String</attrtype><attwidth Sync="TRUE">38</attwidth><atprecis Sync="TRUE">0</atprecis><attscale Sync="TRUE">0</attscale></attr><attr><attrlabl Sync="TRUE">X_UTM</attrlabl><attalias Sync="TRUE">X_UTM</attalias><attrtype Sync="TRUE">Double</attrtype><attwidth Sync="TRUE">19</attwidth><atprecis Sync="TRUE">0</atprecis><attscale Sync="TRUE">0</attscale></attr><attr><attrlabl Sync="TRUE">Y_UTM</attrlabl><attalias Sync="TRUE">Y_UTM</attalias><attrtype Sync="TRUE">Double</attrtype><attwidth Sync="TRUE">19</attwidth><atprecis Sync="TRUE">0</atprecis><attscale Sync="TRUE">0</attscale></attr><attr><attrlabl Sync="TRUE">ESTADO_EDI</attrlabl><attalias Sync="TRUE">ESTADO_EDI</attalias><attrtype Sync="TRUE">SmallInteger</attrtype><attwidth Sync="TRUE">4</attwidth><atprecis Sync="TRUE">4</atprecis><attscale Sync="TRUE">0</attscale></attr><attr><attrlabl Sync="TRUE">DESCRIPCIO</attrlabl><attalias Sync="TRUE">DESCRIPCIO</attalias><attrtype Sync="TRUE">String</attrtype><attwidth Sync="TRUE">254</attwidth><atprecis Sync="TRUE">0</atprecis><attscale Sync="TRUE">0</attscale></attr><attr><attrlabl Sync="TRUE">LOCALIDAD</attrlabl><attalias Sync="TRUE">LOCALIDAD</attalias><attrtype Sync="TRUE">String</attrtype><attwidth Sync="TRUE">100</attwidth><atprecis Sync="TRUE">0</atprecis><attscale Sync="TRUE">0</attscale></attr></detailed></eainfo><mdDateSt Sync="TRUE">20201114</mdDateSt></metadata>
